,x,y1,y2
6498,1,1.0,1
9013,1,1.0,1
2053,1,0.8,1
3211,1,1.0,1
5559,1,0.2,0
6106,1,0.6,1
4150,1,0.4,0
2205,1,1.0,1
4145,1,1.0,1
5324,1,0.6,0
7671,1,0.8,1
2903,1,1.0,1
9924,1,1.0,1
9251,1,1.0,1
2675,1,1.0,1
7381,1,0.8,1
8660,1,1.0,1
7173,1,1.0,1
2844,1,1.0,1
4427,1,1.0,1
5204,1,0.8,1
6277,1,1.0,1
3063,1,1.0,1
639,1,1.0,1
8702,1,0.8,1
1990,1,0.8,1
7311,1,1.0,1
6287,1,1.0,1
6204,1,0.6,0
858,1,1.0,1
5435,1,1.0,1
7564,1,1.0,1
9370,1,1.0,1
5513,1,0.4,0
7046,1,1.0,1
9049,1,1.0,1
9330,1,0.8,1
6419,1,0.4,0
3177,1,0.8,1
1170,1,0.6,1
1555,1,0.8,1
3204,1,0.0,0
2489,1,0.8,1
5130,1,1.0,1
9870,1,1.0,1
825,1,1.0,1
7962,1,0.0,0
4292,1,1.0,1
1217,1,1.0,1
3380,1,0.6,1
7857,1,0.8,0
2900,1,1.0,1
6836,1,1.0,1
6132,1,1.0,1
6442,1,1.0,1
1759,1,1.0,1
3516,1,0.8,1
260,1,0.8,1
408,1,0.8,1
8723,1,1.0,1
1732,1,0.8,1
8091,1,0.8,0
5707,1,0.8,1
5947,1,1.0,1
9213,1,1.0,1
8736,1,1.0,0
3272,1,0.8,0
7044,1,1.0,1
587,1,1.0,1
8678,1,0.8,1
4274,1,0.6,0
2039,1,0.8,1
3991,1,1.0,1
1756,1,1.0,1
3407,1,1.0,1
7361,1,1.0,1
10056,1,1.0,1
6039,1,0.8,1
5139,1,0.8,0
9940,1,1.0,1
5837,1,1.0,1
1177,1,0.6,1
4966,1,0.8,0
6425,1,0.8,1
830,1,0.8,1
2052,1,0.8,1
6107,1,1.0,1
5143,1,1.0,1
7509,1,1.0,1
4594,1,1.0,1
5928,1,0.8,1
254,1,0.8,1
6675,1,0.8,1
4544,1,0.8,1
3585,1,1.0,1
9132,1,1.0,1
4551,1,1.0,1
4235,1,1.0,1
9536,1,0.8,1
5289,1,0.8,1
5290,1,1.0,1
4882,1,1.0,1
4028,1,1.0,1
2490,1,0.8,1
9264,1,1.0,1
4077,1,1.0,1
5862,1,1.0,1
6004,1,0.8,1
8599,1,1.0,1
9368,1,1.0,1
5334,1,0.8,0
397,1,0.8,1
1122,1,0.8,1
2774,1,1.0,1
9593,1,1.0,1
2795,1,0.8,1
2248,1,1.0,1
6070,1,1.0,1
1735,1,0.8,1
5330,1,1.0,1
8098,1,1.0,1
7478,1,0.4,0
8188,1,1.0,1
2820,1,0.8,1
8875,1,1.0,1
5321,1,0.8,1
1433,1,1.0,1
8620,1,1.0,1
956,1,1.0,1
9282,1,1.0,1
7927,1,1.0,1
3332,1,0.8,0
3773,1,1.0,1
1956,1,1.0,1
5485,1,1.0,1
804,1,1.0,1
6189,1,1.0,1
3265,1,0.8,1
6259,1,1.0,1
4631,1,0.4,0
2245,1,0.8,1
3187,1,1.0,1
7504,1,1.0,1
9430,1,1.0,1
7626,1,1.0,1
7120,1,1.0,1
9517,1,1.0,1
659,1,0.6,0
8154,1,1.0,1
8575,1,1.0,1
5521,1,1.0,1
2492,1,0.8,1
7808,1,0.8,1
5607,1,0.6,1
5169,1,0.8,1
9937,1,1.0,1
391,1,1.0,1
10074,1,1.0,1
5227,1,1.0,1
6562,1,0.8,1
8234,1,1.0,1
1488,1,1.0,1
6333,1,0.8,1
218,1,1.0,1
7068,1,1.0,1
4862,1,1.0,1
5961,1,0.6,1
7954,1,1.0,1
8351,1,1.0,1
7040,1,1.0,1
130,1,0.8,1
3645,1,1.0,1
9692,1,1.0,1
3260,1,1.0,1
9975,1,0.4,0
2652,1,0.8,1
9813,1,1.0,1
4178,1,0.8,1
4370,1,1.0,1
8893,1,1.0,1
1292,1,1.0,1
3264,1,1.0,1
5033,1,1.0,1
5691,1,1.0,1
4243,1,1.0,1
9323,1,1.0,1
1470,1,1.0,1
5857,1,1.0,0
8782,1,0.8,1
550,1,1.0,1
1024,1,0.8,1
6462,1,1.0,1
3680,1,0.8,1
1620,1,1.0,1
4227,1,0.8,1
4814,1,1.0,1
676,1,1.0,1
6907,1,0.8,0
6668,1,1.0,1
7549,1,0.8,1
2812,1,1.0,1
8716,1,1.0,0
9515,1,1.0,1
2078,1,1.0,1
1264,1,1.0,1
6973,1,1.0,1
7136,1,0.8,1
8170,1,0.6,1
9086,1,1.0,1
5003,1,0.6,0
4770,1,0.8,1
8695,1,1.0,1
7668,1,1.0,1
964,1,1.0,1
6487,1,1.0,1
1183,1,1.0,1
3505,1,1.0,1
2694,1,1.0,1
3015,1,0.8,1
9130,1,0.8,1
5864,1,0.4,1
6436,1,1.0,1
3347,1,0.8,1
8353,1,1.0,1
1159,1,1.0,1
1600,1,1.0,1
1463,1,1.0,1
99,1,0.6,0
1924,1,1.0,1
9352,1,1.0,1
2568,1,1.0,1
3714,1,1.0,1
5822,1,1.0,1
3759,1,1.0,1
1912,1,1.0,1
135,1,0.8,1
2196,1,1.0,1
5036,1,0.6,0
5765,1,0.2,0
1260,1,1.0,1
1104,1,1.0,1
4778,1,1.0,1
2571,1,1.0,1
7160,1,0.4,0
9427,1,0.8,1
7180,1,1.0,1
6235,1,0.6,0
9187,1,1.0,0
2813,1,1.0,1
9055,1,0.8,1
6547,1,0.4,0
2028,1,1.0,1
10066,1,1.0,1
1038,1,0.8,1
4167,1,1.0,1
1308,1,1.0,1
8761,1,1.0,1
377,1,1.0,1
1168,1,0.6,0
278,1,1.0,1
7760,1,1.0,1
2106,1,1.0,1
6731,1,0.4,0
1589,1,1.0,0
4008,1,1.0,1
5585,1,0.6,1
2896,1,1.0,1
3455,1,0.8,1
9872,1,0.8,1
7521,1,1.0,1
9480,1,1.0,1
1300,1,1.0,1
4464,1,1.0,1
2864,1,0.8,1
6301,1,0.6,0
5122,1,1.0,1
7663,1,0.2,0
9849,1,1.0,1
6969,1,1.0,1
2772,1,0.8,1
3433,1,1.0,1
8374,1,1.0,1
8364,1,1.0,1
7547,1,0.8,1
6150,1,1.0,1
7072,1,1.0,1
8964,1,1.0,1
5044,1,0.8,0
6207,1,1.0,1
9983,1,1.0,1
9061,1,0.6,0
574,1,1.0,1
6537,1,1.0,1
8457,1,1.0,1
6305,1,0.8,1
4301,1,0.8,1
3858,1,0.6,1
3389,1,1.0,1
3595,1,1.0,1
7171,1,1.0,1
307,1,0.8,1
2981,1,1.0,1
3281,1,1.0,1
5855,1,0.6,0
4285,1,1.0,1
736,1,0.6,1
941,1,1.0,1
6086,1,1.0,1
6965,1,1.0,1
3709,1,1.0,1
3729,1,0.8,1
2975,1,1.0,1
5430,1,1.0,1
5424,1,0.8,1
222,1,1.0,1
5799,1,1.0,1
2617,1,1.0,1
6785,1,0.6,0
8576,1,0.8,0
3312,1,0.8,1
4276,1,1.0,1
4468,1,1.0,1
1410,1,0.8,1
1011,1,1.0,1
3338,1,1.0,1
4865,1,1.0,1
8075,1,0.4,0
7994,1,1.0,1
3427,1,0.8,1
286,1,1.0,0
994,1,1.0,1
1571,1,1.0,1
2165,1,1.0,1
9822,1,0.8,0
2911,1,0.8,1
6709,1,0.8,1
3957,1,0.8,1
9299,1,0.8,0
4850,1,0.4,0
2151,1,1.0,1
2210,1,0.6,1
9769,1,0.4,0
1646,1,1.0,1
6630,1,1.0,1
6686,1,1.0,1
1595,1,1.0,1
1892,1,0.8,1
6757,1,1.0,1
7234,1,1.0,1
7451,1,1.0,1
1812,1,0.8,1
4641,1,1.0,1
4075,1,1.0,1
8282,1,0.8,1
9059,1,1.0,1
954,1,1.0,1
597,1,0.8,1
7507,1,1.0,1
1114,1,1.0,1
6802,1,1.0,1
484,1,1.0,1
929,1,1.0,1
2619,1,0.2,0
5638,1,1.0,1
594,1,0.6,0
7182,1,0.8,1
8653,1,1.0,1
3085,1,0.8,1
3601,1,0.8,0
6638,1,1.0,1
1432,1,1.0,1
6569,1,0.6,0
2858,1,1.0,1
6443,1,0.8,1
8898,1,1.0,1
1293,1,0.8,1
128,1,1.0,1
8762,1,1.0,1
4315,1,1.0,1
8727,1,1.0,1
689,1,0.8,0
8033,1,1.0,1
7532,1,1.0,1
3178,1,0.8,1
9576,1,0.8,0
6749,1,1.0,1
820,1,1.0,1
6755,1,0.8,1
274,1,0.6,1
8724,1,1.0,1
4534,1,1.0,1
3498,1,0.8,1
2133,1,1.0,1
9128,1,1.0,1
9755,1,1.0,1
3920,1,0.6,1
7550,1,0.6,0
1537,1,1.0,1
8856,1,1.0,1
5543,1,1.0,1
4977,1,0.8,1
3688,1,1.0,1
3697,1,1.0,1
1186,1,0.4,1
2438,1,0.8,1
2908,1,0.8,1
589,1,0.8,1
3810,1,1.0,0
4567,1,0.4,0
1297,1,1.0,1
2305,1,1.0,1
2730,1,1.0,1
8230,1,1.0,1
3368,1,1.0,1
7525,1,1.0,1
7835,1,0.4,0
9397,1,1.0,1
2407,1,1.0,1
2095,1,1.0,1
1315,1,1.0,1
112,1,1.0,1
5047,1,0.8,1
3121,1,0.8,1
6523,1,1.0,1
6253,1,1.0,1
8361,1,0.8,1
4801,1,0.6,1
1946,1,1.0,1
7474,1,0.8,1
9949,1,0.8,0
881,1,0.2,0
5692,1,0.2,0
4843,1,0.8,1
229,1,1.0,1
7867,1,1.0,1
7773,1,1.0,1
4422,1,1.0,1
8243,1,1.0,1
3660,1,0.2,0
2954,1,0.8,1
2054,1,1.0,1
763,1,0.8,1
9650,1,1.0,1
7701,1,1.0,1
342,1,0.8,1
5489,1,1.0,1
7464,1,0.8,1
9144,1,0.6,0
2202,1,1.0,1
625,1,1.0,1
234,1,0.8,1
9216,1,0.8,1
2524,1,1.0,1
5819,1,1.0,1
685,1,1.0,1
5948,1,1.0,1
8985,1,1.0,1
2984,1,1.0,1
1005,1,0.8,0
9562,1,1.0,1
9709,1,1.0,1
9614,1,1.0,1
1939,1,1.0,1
2527,1,1.0,1
4738,1,1.0,1
4270,1,0.2,0
3733,1,1.0,1
5725,1,1.0,1
783,1,1.0,1
5552,1,1.0,1
4033,1,0.4,1
1633,1,1.0,1
8925,1,1.0,1
2209,1,0.8,1
4522,1,1.0,1
5500,1,1.0,1
1073,1,1.0,1
4448,1,0.8,1
3079,1,1.0,1
459,1,1.0,1
7427,1,1.0,1
7112,1,1.0,1
9592,1,1.0,1
8705,1,0.8,1
8608,1,1.0,1
3423,1,1.0,1
3611,1,1.0,1
8882,1,1.0,0
5727,1,0.8,0
3922,1,0.4,0
9392,1,1.0,1
3931,1,1.0,1
7612,1,1.0,1
9707,1,1.0,1
8105,1,0.8,1
1935,1,1.0,1
8173,1,1.0,1
8873,1,1.0,1
691,1,1.0,0
5590,1,1.0,1
7838,1,1.0,1
5029,1,1.0,1
3068,1,0.6,1
5900,1,1.0,1
995,1,0.8,1
10053,1,1.0,1
7043,1,1.0,1
8498,1,0.8,1
8588,1,1.0,1
674,1,1.0,1
6583,1,0.2,0
2128,1,1.0,1
2888,1,0.6,1
1984,1,0.8,1
372,1,1.0,1
43,1,0.8,1
4467,1,0.8,0
7756,1,1.0,1
2983,1,0.8,1
5950,1,1.0,1
6553,1,1.0,1
2048,1,1.0,1
5347,1,0.8,1
9136,1,0.8,0
5887,1,1.0,1
5648,1,0.8,0
3529,1,0.8,1
6834,1,1.0,1
7878,1,1.0,1
2583,1,1.0,1
7466,1,0.2,0
1266,1,1.0,1
4067,1,0.8,1
7810,1,0.0,0
10006,1,0.8,0
4496,1,0.6,0
4510,1,1.0,0
1233,1,1.0,1
8685,1,1.0,1
8157,1,1.0,1
8919,1,0.8,1
781,1,1.0,1
1790,1,1.0,1
4015,1,0.8,1
8493,1,1.0,1
3111,1,1.0,1
600,1,1.0,1
8008,1,0.8,0
793,1,1.0,1
6187,1,1.0,1
6889,1,0.8,1
6354,1,1.0,1
1987,1,0.8,1
8961,1,0.4,0
1868,1,0.8,1
4290,1,1.0,1
9607,1,1.0,1
8035,1,1.0,1
8424,1,0.8,1
7822,1,1.0,1
5302,1,1.0,1
3419,1,1.0,1
2807,1,0.6,1
9848,1,0.4,0
6821,1,0.8,1
1510,1,1.0,1
8160,1,1.0,1
4365,1,1.0,1
2262,1,1.0,1
1740,1,0.6,1
32,1,1.0,1
473,1,0.4,0
5238,1,1.0,1
3971,1,0.8,1
7590,1,0.8,1
1915,1,0.8,1
1522,1,1.0,1
4239,1,1.0,1
1125,1,0.6,1
4038,1,1.0,1
1234,1,1.0,1
2780,1,1.0,1
5241,1,0.8,1
6801,1,0.4,0
4504,1,0.8,1
3701,1,1.0,1
619,1,1.0,1
9776,1,0.6,0
7169,1,1.0,1
8866,1,1.0,1
2901,1,1.0,1
1572,1,0.8,1
7465,1,1.0,1
4140,1,0.8,1
8473,1,1.0,1
1167,1,1.0,1
2597,1,1.0,1
4920,1,1.0,1
1273,1,0.8,1
9706,1,1.0,1
5076,1,1.0,1
394,1,0.8,1
6057,1,1.0,1
3946,1,0.8,1
4181,1,1.0,1
834,1,0.8,0
6335,1,0.6,0
9753,1,1.0,1
3990,1,0.8,0
8708,1,0.8,1
3223,1,1.0,1
4095,1,1.0,1
6800,1,1.0,1
5873,1,1.0,1
7479,1,1.0,1
6783,1,0.6,0
4961,1,0.8,1
4117,1,0.0,0
9737,1,1.0,1
3755,1,1.0,1
3841,1,1.0,1
536,1,1.0,1
1141,1,0.0,0
2398,1,1.0,1
7565,1,0.6,1
5851,1,0.2,0
1380,1,0.6,1
9228,1,0.4,0
3899,1,0.8,1
3476,1,1.0,1
9651,1,1.0,1
7861,1,1.0,1
3668,1,0.6,1
3501,1,1.0,0
5257,1,0.6,1
4412,1,1.0,1
2355,1,1.0,1
3764,1,0.8,0
3824,1,0.8,1
9964,1,1.0,1
5073,1,1.0,1
10096,1,0.8,1
1890,1,0.8,1
2939,1,0.8,1
7289,1,1.0,1
6635,1,0.8,1
3530,1,1.0,1
4730,1,0.2,0
9557,1,0.8,0
209,1,1.0,1
7,1,1.0,1
3812,1,1.0,1
10054,1,0.8,0
7561,1,1.0,1
308,1,0.6,1
146,1,1.0,1
7188,1,0.8,1
6882,1,1.0,1
4981,1,0.8,1
3126,1,1.0,1
2688,1,1.0,1
9933,1,1.0,1
4247,1,1.0,1
28,1,0.8,1
6952,1,1.0,0
8253,1,0.6,1
2929,1,0.8,1
7087,1,0.8,1
7328,1,1.0,1
5459,1,1.0,1
8770,1,0.8,1
9637,1,1.0,1
5422,1,0.8,1
9153,1,1.0,1
8378,1,0.0,0
10058,1,1.0,1
9892,1,1.0,1
6134,1,1.0,1
1173,1,0.4,1
10104,1,1.0,1
8408,1,0.8,1
2168,1,0.8,1
6525,1,0.8,1
1685,1,0.6,1
7766,1,0.8,0
4284,1,0.6,1
3612,1,0.8,1
2394,1,1.0,1
6160,1,1.0,1
988,1,1.0,1
5448,1,1.0,1
5682,1,0.6,0
1060,1,1.0,1
10060,1,1.0,1
6281,1,1.0,1
1628,1,1.0,0
7700,1,1.0,1
2764,1,1.0,1
8879,1,1.0,1
1288,1,0.8,1
6906,1,1.0,1
5086,1,0.6,0
2754,1,0.6,1
3770,1,0.8,0
4802,1,0.6,0
2487,1,1.0,1
1718,1,1.0,1
3666,1,1.0,1
8831,1,1.0,1
5946,1,0.6,1
108,1,1.0,1
6330,1,1.0,1
7050,1,0.8,1
6748,1,1.0,1
8083,1,0.6,0
552,1,1.0,1
1731,1,0.6,1
5783,1,1.0,1
3108,1,1.0,1
7714,1,1.0,1
7985,1,0.8,1
6501,1,0.2,0
3384,1,1.0,1
3907,1,0.6,1
2311,1,1.0,1
1165,1,1.0,1
5863,1,0.8,1
5890,1,0.8,0
9767,1,0.6,0
9417,1,1.0,1
7084,1,1.0,1
1262,1,1.0,1
8143,1,1.0,1
4442,1,0.8,1
6911,1,1.0,1
921,1,0.4,0
8130,1,0.8,1
7601,1,1.0,1
5492,1,0.8,1
8195,1,0.8,1
8301,1,1.0,1
712,1,1.0,1
4013,1,1.0,1
6309,1,1.0,1
7030,1,1.0,1
9875,1,1.0,1
7580,1,1.0,1
1435,1,1.0,1
6195,1,0.8,0
2206,1,1.0,1
6055,1,1.0,1
1562,1,1.0,1
5527,1,0.8,0
4453,1,1.0,1
8368,1,1.0,1
2537,1,1.0,1
8752,1,1.0,0
8737,1,0.8,1
9645,1,1.0,1
3361,1,1.0,1
8697,1,0.6,1
10106,1,1.0,1
136,1,0.8,1
10008,1,0.8,0
9146,1,1.0,1
67,1,0.8,1
3831,1,0.8,1
6372,1,1.0,1
324,1,1.0,1
5846,1,1.0,1
2651,1,1.0,1
3847,1,0.6,1
8910,1,1.0,1
8505,1,0.8,0
2378,1,1.0,1
6008,1,0.8,0
9390,1,1.0,1
8722,1,1.0,1
4610,1,0.8,1
5889,1,0.6,0
8423,1,1.0,1
6712,1,1.0,1
526,1,1.0,1
509,1,0.0,0
4029,1,0.6,1
3604,1,1.0,1
7103,1,1.0,1
2098,1,0.4,0
4267,1,0.6,0
2273,1,0.4,1
5008,1,1.0,1
911,1,1.0,1
3625,1,1.0,1
2979,1,0.8,1
5884,1,1.0,1
1937,1,1.0,1
1777,1,1.0,1
9332,1,1.0,1
6283,1,1.0,1
4915,1,1.0,1
9919,1,1.0,1
3588,1,0.6,0
3268,1,0.8,1
616,1,0.8,1
7163,1,1.0,1
7152,1,1.0,1
3731,1,1.0,1
551,1,0.8,1
3937,1,1.0,1
8741,1,1.0,1
4627,1,1.0,1
4740,1,0.4,0
2625,1,1.0,1
4432,1,0.8,1
7082,1,0.4,0
9986,1,0.8,1
220,1,1.0,1
2517,1,0.8,1
7353,1,1.0,1
9168,1,1.0,1
82,1,0.8,0
6895,1,0.8,0
946,1,0.8,1
8162,1,1.0,1
9074,1,0.4,0
45,1,0.8,1
5382,1,1.0,1
1206,1,0.6,1
6445,1,1.0,1
5673,1,0.4,0
6475,1,1.0,1
7635,1,0.6,1
6129,1,1.0,1
4668,1,0.4,0
9851,1,0.8,1
1930,1,0.6,1
1703,1,1.0,1
6222,1,0.4,0
7873,1,0.8,1
4244,1,1.0,1
3011,1,0.8,1
8099,1,1.0,1
215,1,1.0,1
6083,1,0.0,0
2373,1,1.0,1
6351,1,1.0,1
8688,1,1.0,1
1049,1,1.0,1
916,1,1.0,1
3801,1,0.8,0
1755,1,1.0,1
3042,1,1.0,1
6289,1,1.0,1
7812,1,1.0,1
8094,1,0.6,1
7211,1,1.0,1
457,1,1.0,1
7533,1,1.0,1
4165,1,0.8,1
6823,1,1.0,1
8645,1,1.0,1
5134,1,1.0,1
4687,1,1.0,1
8714,1,1.0,1
3393,1,1.0,1
5723,1,1.0,1
806,1,1.0,1
7611,1,1.0,1
8517,1,1.0,1
9796,1,0.8,0
7980,1,1.0,1
4579,1,1.0,1
6510,1,1.0,1
5173,1,1.0,1
3001,1,0.8,1
5670,1,0.6,1
961,1,1.0,1
6,1,1.0,1
5832,1,1.0,1
1094,1,1.0,1
9951,1,0.8,0
8137,1,0.8,1
1091,1,0.8,1
2999,1,1.0,1
4096,1,1.0,1
662,1,0.8,1
4785,1,1.0,1
6715,1,0.6,0
159,1,1.0,1
4784,1,1.0,1
98,1,1.0,1
5287,1,1.0,0
8316,1,1.0,1
3382,1,0.8,0
8624,1,0.8,1
8823,1,0.6,1
9638,1,1.0,1
6002,1,0.2,0
9990,1,1.0,1
6893,1,1.0,0
9109,1,0.8,1
5790,1,1.0,1
851,1,1.0,1
4076,1,1.0,1
2958,1,1.0,1
8414,1,1.0,1
3864,1,1.0,1
2963,1,0.6,1
1576,1,0.6,0
3815,1,0.8,1
4895,1,1.0,1
7323,1,1.0,1
913,1,0.8,1
4314,1,1.0,1
5219,1,1.0,1
2320,1,1.0,1
5084,1,0.8,0
582,1,1.0,1
8145,1,1.0,1
4960,1,1.0,1
7327,1,1.0,1
6456,1,1.0,1
9608,1,1.0,1
147,1,0.8,1
8846,1,1.0,1
7868,1,1.0,1
5128,1,0.8,1
2756,1,0.8,1
7637,1,1.0,1
337,1,1.0,0
2672,1,1.0,1
4166,1,0.8,1
6654,1,1.0,1
6587,1,0.8,1
6267,1,0.8,1
2354,1,1.0,1
4299,1,0.8,1
259,1,1.0,1
939,1,1.0,1
2488,1,1.0,1
6544,1,1.0,0
9435,1,0.8,0
7155,1,0.8,0
10107,1,1.0,0
1185,1,0.4,1
1513,1,1.0,1
7332,1,1.0,1
8107,1,1.0,1
4607,1,1.0,1
5696,1,1.0,1
4520,1,0.8,1
4386,1,1.0,1
4445,1,0.4,0
1986,1,1.0,1
891,1,1.0,1
9535,1,0.8,1
8538,1,1.0,0
6847,1,1.0,1
288,1,1.0,0
3526,1,1.0,1
4663,1,0.6,1
8110,1,0.4,0
4097,1,0.8,1
6640,1,0.2,0
115,1,1.0,1
4192,1,0.6,0
40,1,0.6,1
8360,1,0.6,0
6097,1,0.8,1
5869,1,1.0,1
3363,1,0.2,0
2201,1,0.8,0
5933,1,0.0,0
2140,1,1.0,1
9749,1,1.0,1
7677,1,1.0,1
6938,1,1.0,1
7039,1,0.6,0
859,1,0.8,1
7893,1,0.2,0
8566,1,0.6,0
6486,1,1.0,1
2701,1,1.0,1
5550,1,0.8,1
1085,1,1.0,1
6499,1,1.0,1
5111,1,1.0,1
6806,1,0.8,1
5118,1,1.0,1
1289,1,1.0,1
8591,1,1.0,1
2519,1,1.0,1
428,1,0.8,1
2376,1,1.0,1
3869,1,1.0,1
7622,1,1.0,1
4200,1,1.0,1
923,1,1.0,1
2885,1,1.0,1
4819,1,0.8,1
4446,1,1.0,1
4640,1,0.4,0
3224,1,0.8,1
3743,1,1.0,1
6209,1,1.0,1
5318,1,0.8,1
7001,1,1.0,1
3854,1,1.0,1
3391,1,0.6,1
2362,1,1.0,1
4146,1,0.8,1
8888,1,0.8,0
3850,1,1.0,1
695,1,0.8,1
5701,1,0.6,1
4171,1,1.0,1
575,1,0.6,1
9578,1,0.8,0
1520,1,0.6,1
876,1,1.0,1
7370,1,1.0,1
895,1,0.8,1
4638,1,1.0,1
5593,1,1.0,1
6355,1,0.8,1
10064,1,0.8,0
3471,1,0.8,1
9105,1,1.0,1
6999,1,0.8,1
9215,1,0.8,1
3785,1,1.0,1
9475,1,1.0,1
8060,1,0.8,1
1070,1,1.0,1
1332,1,0.8,1
2793,1,0.6,0
6242,1,1.0,1
1518,1,1.0,1
9891,1,0.6,1
4897,1,1.0,1
931,1,1.0,1
2038,1,1.0,1
1668,1,0.6,1
6723,1,1.0,1
4204,1,1.0,1
8265,1,1.0,1
8232,1,0.8,1
2545,1,1.0,1
9358,1,0.8,0
437,1,1.0,1
7065,1,0.8,0
2606,1,1.0,1
5150,1,0.8,1
4781,1,1.0,1
4951,1,0.4,0
7403,1,1.0,1
79,1,0.8,1
975,1,1.0,1
1804,1,1.0,1
6619,1,1.0,1
7017,1,1.0,1
5096,1,1.0,1
2400,1,0.6,1
5488,1,1.0,1
5126,1,1.0,1
6377,1,0.8,1
5107,1,0.0,0
3038,1,1.0,1
778,1,1.0,1
1396,1,0.8,1
4506,1,1.0,1
3057,1,1.0,1
3655,1,0.8,0
6588,1,0.8,1
3989,1,1.0,1
5469,1,1.0,1
2444,1,1.0,1
5201,1,1.0,1
6382,1,1.0,1
4395,1,1.0,1
725,1,1.0,1
9271,1,0.6,1
3112,1,1.0,1
6672,1,1.0,1
728,1,0.4,0
4968,1,1.0,1
7245,1,1.0,1
1764,1,0.8,1
3426,1,1.0,1
2613,1,1.0,1
9325,1,0.8,1
6794,1,1.0,1
8133,1,0.8,1
8480,1,1.0,1
8623,1,0.6,0
9989,1,1.0,1
6772,1,1.0,1
9211,1,0.8,0
7737,1,0.8,0
6855,1,1.0,1
7387,1,1.0,0
3353,1,1.0,1
5834,1,1.0,1
6007,1,1.0,1
4834,1,1.0,1
1198,1,1.0,1
161,1,0.8,1
6024,1,1.0,1
1312,1,1.0,1
4280,1,1.0,1
1515,1,0.8,1
3396,1,1.0,1
3675,1,0.6,1
3563,1,0.8,1
2951,1,1.0,1
2247,1,1.0,1
8945,1,1.0,1
3894,1,0.8,1
7285,1,0.8,1
3839,1,0.6,0
3867,1,1.0,1
4363,1,1.0,1
481,1,0.8,1
2257,1,0.6,1
1966,1,1.0,1
1967,1,0.6,1
4515,1,0.8,1
2663,1,1.0,1
7537,1,0.8,1
627,1,1.0,1
2733,1,1.0,1
7433,1,1.0,1
2122,1,0.6,0
6466,1,1.0,1
2217,1,0.6,1
7704,1,0.4,0
3492,1,0.8,0
9882,1,1.0,1
8820,1,1.0,0
8619,1,1.0,1
7534,1,0.6,1
1925,1,0.8,1
7438,1,1.0,1
6780,1,1.0,1
9935,1,1.0,1
9697,1,1.0,1
2941,1,0.8,1
5678,1,1.0,1
5160,1,0.8,0
1117,1,1.0,1
3188,1,1.0,0
644,1,0.8,1
3067,1,1.0,1
7904,1,1.0,1
5440,1,1.0,1
9387,1,1.0,1
7638,1,0.8,1
9090,1,1.0,1
4289,1,1.0,1
2359,1,1.0,1
3906,1,1.0,1
4079,1,1.0,1
6613,1,0.8,1
3431,1,1.0,1
4783,1,1.0,1
4719,1,1.0,1
8281,1,0.8,1
420,1,1.0,0
2116,1,1.0,1
4296,1,1.0,1
1546,1,1.0,1
5014,1,0.8,1
3506,1,0.8,1
7373,1,1.0,1
976,1,0.8,1
106,1,1.0,1
10029,1,1.0,1
2653,1,1.0,1
8155,1,1.0,1
4540,1,1.0,0
8568,1,1.0,0
9911,1,1.0,1
714,1,1.0,1
9346,1,0.6,0
1078,1,1.0,1
4434,1,1.0,1
4729,1,1.0,1
9097,1,1.0,0
7266,1,0.8,0
9011,1,1.0,1
2391,1,1.0,1
5738,1,1.0,0
7154,1,1.0,1
3280,1,1.0,1
1462,1,1.0,1
3833,1,1.0,1
4465,1,1.0,1
6741,1,1.0,1
4326,1,1.0,1
4327,1,0.8,1
8271,1,1.0,1
8048,1,1.0,1
3424,1,0.8,0
4283,1,1.0,1
10022,1,0.8,0
3388,1,1.0,1
3568,1,1.0,1
9775,1,1.0,1
2123,1,1.0,1
8904,1,0.6,1
5231,1,0.0,0
138,1,1.0,1
867,1,1.0,1
4050,1,0.8,0
9249,1,1.0,1
7268,1,0.6,1
8912,1,1.0,1
1544,1,1.0,1
513,1,0.8,1
8792,1,1.0,1
9102,1,0.6,0
6545,1,1.0,1
4330,1,1.0,1
8087,1,0.8,1
822,1,0.6,1
2621,1,1.0,1
3813,1,1.0,0
7557,1,0.4,0
7598,1,1.0,1
9799,1,1.0,1
2404,1,1.0,1
887,1,0.8,0
3868,1,0.8,1
1123,1,1.0,1
1750,1,1.0,1
89,1,1.0,1
5733,1,1.0,1
2706,1,1.0,1
8229,1,1.0,1
2065,1,1.0,1
7657,1,1.0,1
1172,1,1.0,1
1163,1,0.8,1
181,1,0.8,1
10055,1,0.6,0
385,1,0.6,1
2985,1,1.0,1
1873,1,1.0,1
3708,1,1.0,1
2370,1,1.0,1
5647,1,1.0,1
4397,1,1.0,1
8363,1,1.0,1
4230,1,1.0,1
9289,1,1.0,1
4180,1,0.8,1
9101,1,0.6,0
7426,1,1.0,1
5166,1,0.8,1
7119,1,1.0,1
1936,1,1.0,1
2023,1,0.6,1
8365,1,1.0,1
922,1,0.8,0
5310,1,0.8,1
1947,1,1.0,1
5309,1,1.0,1
2567,1,0.6,1
5283,1,0.8,0
5429,1,1.0,1
5995,1,0.8,1
2582,1,1.0,1
6566,1,0.8,1
2243,1,0.8,1
6595,1,1.0,1
6363,1,1.0,1
9731,1,1.0,1
9553,1,0.8,1
2656,1,1.0,1
9060,1,0.8,1
9563,1,1.0,1
5013,1,1.0,1
2711,1,1.0,1
3724,1,1.0,1
9994,1,1.0,1
5196,1,1.0,1
8079,1,1.0,1
8032,1,1.0,1
3592,1,1.0,1
2182,1,1.0,1
8330,1,1.0,1
7497,1,0.6,0
335,1,1.0,1
650,1,0.6,1
1225,1,1.0,1
8041,1,0.8,0
2666,1,0.6,1
6047,1,1.0,1
7977,1,1.0,1
5043,1,0.2,0
3448,1,1.0,1
2344,1,1.0,1
221,1,1.0,1
4248,1,0.8,1
9284,1,1.0,1
1424,1,0.8,1
6940,1,0.8,1
1140,1,1.0,1
5943,1,0.4,0
10036,1,1.0,1
3399,1,1.0,1
3913,1,1.0,1
9595,1,1.0,1
444,1,1.0,1
4571,1,1.0,1
8962,1,1.0,1
7660,1,0.2,0
8833,1,0.6,0
623,1,0.8,1
605,1,0.8,1
4371,1,1.0,1
2367,1,1.0,1
5824,1,0.8,1
7018,1,0.4,0
9835,1,1.0,1
2641,1,1.0,1
311,1,1.0,1
3556,1,1.0,1
7958,1,0.8,1
386,1,0.4,0
2883,1,1.0,1
2041,1,0.8,1
1797,1,1.0,1
8385,1,1.0,1
3809,1,1.0,1
6265,1,0.0,0
613,1,1.0,1
6860,1,0.8,1
4084,1,1.0,1
9012,1,0.6,1
7956,1,1.0,1
211,1,1.0,1
2912,1,1.0,1
9843,1,1.0,1
8119,1,1.0,1
9415,1,0.8,0
8015,1,1.0,1
3614,1,1.0,1
3207,1,1.0,1
57,1,1.0,1
9067,1,0.8,1
162,1,0.8,1
293,1,0.8,1
7028,1,0.4,0
4519,1,1.0,1
197,1,1.0,1
1814,1,1.0,1
7787,1,0.6,1
1508,1,0.6,1
8254,1,0.6,1
741,1,1.0,1
8167,1,0.6,0
2463,1,1.0,1
7805,1,1.0,1
4958,1,0.8,1
5119,1,1.0,1
2226,1,1.0,1
9281,1,1.0,0
5510,1,1.0,1
1545,1,0.8,1
7851,1,1.0,1
4021,1,0.8,0
1321,1,1.0,1
3300,1,1.0,1
1063,1,1.0,1
6926,1,1.0,1
3472,1,0.8,0
4964,1,1.0,1
6620,1,1.0,1
331,1,0.8,1
697,1,1.0,1
7976,1,0.6,0
9133,1,1.0,1
3925,1,1.0,1
1893,1,1.0,1
9106,1,1.0,1
8210,1,1.0,1
4650,1,0.0,0
7149,1,1.0,1
7770,1,0.4,0
10030,1,1.0,1
2776,1,0.4,1
9823,1,0.8,0
9185,1,1.0,1
3818,1,0.8,1
1148,1,1.0,1
9590,1,0.8,1
3903,1,1.0,1
5390,1,1.0,1
343,1,0.6,0
1338,1,1.0,1
2739,1,0.6,0
9972,1,0.8,0
3692,1,0.4,0
8733,1,0.6,1
4872,1,0.8,0
3315,1,1.0,1
2618,1,1.0,1
8178,1,1.0,1
1144,1,1.0,1
4751,1,1.0,1
3600,1,0.6,1
9398,1,1.0,1
192,1,1.0,1
5637,1,1.0,0
5193,1,0.8,1
1499,1,0.8,1
6034,1,1.0,1
4221,1,1.0,1
7670,1,0.6,0
7569,1,0.4,0
2215,1,1.0,1
7664,1,0.0,0
4614,1,1.0,1
91,1,1.0,1
7567,1,1.0,1
2021,1,1.0,1
3597,1,0.6,0
240,1,0.8,0
4888,1,1.0,0
7733,1,1.0,1
7181,1,0.8,1
2336,1,1.0,1
617,1,1.0,1
4381,1,1.0,1
6824,1,1.0,1
1601,1,0.8,1
7070,1,0.6,0
10010,1,0.6,1
8274,1,0.8,1
1475,1,1.0,1
2093,1,0.8,1
2856,1,1.0,1
6141,1,1.0,1
5793,1,1.0,1
1145,1,1.0,1
6920,1,0.8,1
2564,1,0.8,1
7273,1,0.6,0
3725,1,1.0,1
4141,1,1.0,1
8058,1,1.0,1
9246,1,0.8,1
10046,1,1.0,1
3942,1,0.8,1
1404,1,0.8,1
2242,1,1.0,1
4514,1,1.0,1
4399,1,1.0,1
2445,1,1.0,1
5468,1,1.0,1
3291,1,1.0,1
2680,1,0.0,0
9179,1,1.0,1
2947,1,0.6,1
4704,1,0.8,1
8266,1,0.8,1
863,1,1.0,1
3035,1,1.0,1
2692,1,1.0,1
4535,1,1.0,1
2372,1,1.0,1
7588,1,1.0,1
6623,1,1.0,1
7900,1,0.6,0
5125,1,1.0,1
6913,1,0.2,0
5366,1,1.0,1
6576,1,0.4,0
1358,1,0.8,1
1615,1,0.2,1
7455,1,1.0,1
9344,1,0.8,1
8476,1,1.0,1
3649,1,1.0,1
2298,1,1.0,1
3077,1,0.6,0
8102,1,1.0,1
9809,1,0.8,0
3350,1,1.0,1
9944,1,1.0,1
8713,1,0.8,1
4744,1,1.0,1
8853,1,1.0,1
5064,1,1.0,0
7298,1,1.0,0
687,1,1.0,1
5239,1,0.2,0
1988,1,0.8,1
7320,1,1.0,1
959,1,1.0,1
3071,1,0.6,1
897,1,1.0,1
4089,1,0.8,1
1989,1,1.0,1
2722,1,1.0,1
10081,1,1.0,1
1126,1,0.8,1
5284,1,1.0,1
5569,1,0.8,1
4649,1,1.0,0
2785,1,0.6,0
6237,1,0.0,0
3671,1,0.8,1
6312,1,0.6,0
9865,1,0.8,1
507,1,1.0,1
4060,1,1.0,1
3727,1,1.0,1
6180,1,1.0,1
9119,1,1.0,1
7023,1,1.0,1
4836,1,1.0,1
6359,1,0.8,1
4894,1,0.8,1
3088,1,1.0,1
9904,1,1.0,1
6428,1,1.0,1
3144,1,1.0,1
9687,1,0.6,0
5398,1,0.6,0
9497,1,1.0,1
2314,1,0.8,1
7935,1,1.0,1
9974,1,0.8,1
7600,1,1.0,1
2331,1,1.0,1
10012,1,1.0,1
1242,1,0.6,1
2657,1,1.0,1
2430,1,0.8,1
5197,1,1.0,1
8541,1,0.6,1
1156,1,0.8,1
3176,1,1.0,1
2061,1,0.8,1
7599,1,1.0,1
3747,1,0.8,1
8529,1,1.0,1
545,1,0.8,1
8720,1,1.0,1
5702,1,0.8,1
1820,1,1.0,1
2768,1,0.6,1
7864,1,0.8,0
4880,1,1.0,1
5261,1,1.0,1
7732,1,1.0,1
103,1,0.8,1
7164,1,1.0,1
3761,1,1.0,1
6600,1,1.0,1
9814,1,1.0,1
1851,1,0.8,1
9510,1,1.0,1
129,1,0.8,1
5049,1,1.0,1
642,1,1.0,1
8908,1,0.8,1
6194,1,1.0,1
276,1,0.8,0
8139,1,1.0,1
2167,1,1.0,1
3227,1,0.4,0
9642,1,1.0,1
8592,1,0.8,1
8635,1,1.0,1
6681,1,1.0,1
8218,1,1.0,1
3296,1,1.0,1
5959,1,1.0,1
7256,1,0.6,1
5540,1,0.4,0
7051,1,0.4,0
6270,1,0.8,1
6908,1,1.0,1
359,1,1.0,1
7491,1,0.8,0
6214,1,1.0,1
5787,1,1.0,1
2126,1,0.6,0
9405,1,1.0,1
4071,1,1.0,1
2661,1,1.0,1
1178,1,0.8,1
1139,1,1.0,1
2333,1,0.8,1
2598,1,1.0,1
7554,1,1.0,1
1540,1,1.0,1
5675,1,1.0,1
2185,1,0.4,0
6554,1,1.0,1
7390,1,0.4,0
9163,1,0.6,0
6386,1,1.0,1
8108,1,1.0,1
5260,1,1.0,1
8438,1,1.0,1
1608,1,1.0,1
5998,1,0.0,0
1103,1,1.0,1
5458,1,0.6,0
8295,1,1.0,1
7336,1,0.8,0
3474,1,1.0,0
7339,1,1.0,1
7291,1,0.8,0
8791,1,1.0,1
3322,1,1.0,1
8572,1,0.8,1
1720,1,0.8,1
1299,1,1.0,1
5339,1,1.0,1
4642,1,0.4,0
8625,1,1.0,1
246,1,0.6,1
9729,1,1.0,1
3406,1,1.0,1
2481,1,0.8,1
1840,1,1.0,0
3262,1,1.0,1
280,1,0.8,1
8626,1,1.0,1
1458,1,0.8,1
1583,1,0.6,1
6338,1,1.0,1
150,1,1.0,1
3331,1,0.8,1
5089,1,1.0,1
9416,1,0.6,0
1034,1,0.8,1
5620,1,1.0,0
516,1,1.0,1
44,1,1.0,1
8909,1,1.0,1
1406,1,1.0,1
3628,1,1.0,1
4421,1,1.0,1
684,1,1.0,1
2574,1,1.0,1
1723,1,1.0,1
9501,1,1.0,1
7270,1,1.0,1
4080,1,1.0,1
2989,1,1.0,1
1729,1,0.8,1
2857,1,1.0,1
8065,1,0.6,0
2414,1,0.2,0
8158,1,1.0,1
7843,1,0.8,1
3497,1,0.6,1
1216,1,1.0,1
2432,1,0.6,0
9188,1,0.8,1
9248,1,1.0,1
389,1,1.0,1
4352,1,1.0,1
5665,1,1.0,1
2037,1,1.0,1
8141,1,0.8,1
2422,1,0.8,1
5992,1,0.8,1
5570,1,0.8,1
5991,1,0.8,1
1271,1,0.6,1
4188,1,0.8,1
1437,1,1.0,1
5794,1,1.0,1
287,1,0.8,1
9169,1,1.0,1
2161,1,1.0,1
9577,1,1.0,1
2819,1,0.8,1
9600,1,1.0,1
4471,1,1.0,1
871,1,0.4,1
6370,1,1.0,1
6496,1,1.0,1
6400,1,1.0,1
3195,1,0.8,1
9170,1,1.0,1
370,1,0.8,1
4400,1,1.0,1
10031,1,1.0,1
6758,1,1.0,1
74,1,1.0,1
4300,1,0.8,1
8917,1,1.0,1
4954,1,0.6,1
239,1,1.0,1
6344,1,1.0,1
6618,1,0.8,1
2452,1,1.0,1
8495,1,1.0,1
4576,1,1.0,1
5905,1,1.0,1
2615,1,1.0,1
8225,1,1.0,1
6634,1,1.0,1
7983,1,1.0,1
8120,1,0.2,0
6696,1,1.0,1
9705,1,0.8,1
10091,1,1.0,1
1897,1,0.6,1
383,1,1.0,1
3732,1,0.6,0
8474,1,1.0,1
9926,1,1.0,0
8034,1,0.6,1
7938,1,0.8,1
7526,1,1.0,1
796,1,1.0,1
8748,1,1.0,1
6697,1,1.0,1
3829,1,1.0,1
1822,1,0.8,1
9373,1,1.0,1
1098,1,1.0,1
675,1,1.0,1
6930,1,0.8,1
7578,1,1.0,1
7310,1,1.0,1
177,1,1.0,1
527,1,1.0,1
4379,1,0.8,1
10077,1,1.0,1
7821,1,1.0,1
9982,1,1.0,1
2458,1,0.8,1
7132,1,1.0,1
2213,1,1.0,1
3344,1,1.0,1
2624,1,1.0,1
5372,1,0.4,0
6001,1,1.0,1
8076,1,0.4,0
6597,1,1.0,1
5414,1,1.0,1
9628,1,0.6,0
6409,1,0.8,1
6880,1,1.0,1
9889,1,0.8,0
1910,1,0.6,1
8850,1,1.0,1
3555,1,0.0,0
537,1,0.6,0
9604,1,1.0,1
9272,1,1.0,1
5355,1,1.0,1
6167,1,1.0,1
4485,1,1.0,1
4905,1,0.8,1
9736,1,1.0,1
7138,1,1.0,1
354,1,0.8,1
10071,1,0.6,0
3737,1,1.0,1
2802,1,1.0,1
5402,1,1.0,1
7262,1,0.8,0
3846,1,0.8,1
348,1,1.0,1
8672,1,1.0,1
10048,1,0.8,0
2227,1,1.0,1
2456,1,0.8,1
2917,1,1.0,1
9521,1,1.0,1
6793,1,1.0,1
8534,1,1.0,1
8477,1,0.6,1
9768,1,1.0,0
6293,1,1.0,1
9226,1,0.6,0
5938,1,0.4,0
255,1,1.0,1
3165,1,1.0,1
8901,1,0.8,1
7094,1,0.8,1
8817,1,0.6,0
7422,1,1.0,1
1494,1,1.0,1
5661,1,1.0,0
2328,1,0.6,0
10072,1,1.0,1
9977,1,0.8,0
9918,1,1.0,1
5411,1,0.8,1
8730,1,1.0,1
3687,1,0.6,1
5054,1,1.0,1
7312,1,1.0,1
4503,1,1.0,1
2584,1,1.0,1
5183,1,1.0,1
3191,1,1.0,1
4236,1,1.0,1
6948,1,0.8,1
1768,1,1.0,1
8970,1,1.0,1
8659,1,1.0,1
7378,1,1.0,1
5323,1,0.0,0
185,1,0.6,1
5352,1,0.2,0
8283,1,1.0,1
3004,1,0.8,1
1652,1,0.8,1
7589,1,1.0,1
6605,1,1.0,1
1711,1,1.0,1
4090,1,1.0,1
3790,1,0.8,1
186,1,1.0,1
4154,1,1.0,1
1806,1,0.8,1
1536,1,1.0,1
7836,1,0.8,0
4685,1,0.8,1
21,1,0.4,0
2103,1,0.8,1
479,1,1.0,1
813,1,0.6,0
6439,1,1.0,1
2403,1,0.4,0
2159,1,0.2,1
7510,1,1.0,1
2293,1,1.0,1
9491,1,1.0,1
7709,1,1.0,1
9166,1,1.0,0
8949,1,0.8,1
1079,1,0.8,1
2296,1,0.2,0
6733,1,1.0,1
767,1,1.0,1
5712,1,1.0,1
7909,1,0.8,1
2158,1,1.0,1
4429,1,1.0,0
5228,1,1.0,1
4985,1,1.0,1
6692,1,1.0,1
7409,1,0.4,0
643,1,1.0,1
2560,1,1.0,1
4845,1,1.0,1
4322,1,1.0,1
4246,1,0.2,0
396,1,1.0,1
4803,1,1.0,1
7457,1,0.8,1
4532,1,0.8,1
1197,1,1.0,1
1917,1,0.4,0
9347,1,0.8,1
7996,1,0.6,0
9721,1,1.0,1
7940,1,1.0,1
1710,1,1.0,1
8426,1,1.0,1
7699,1,0.4,0
1392,1,1.0,1
5332,1,1.0,1
6650,1,0.2,0
10065,1,0.8,0
6061,1,0.6,1
8769,1,0.4,0
2932,1,1.0,1
1154,1,0.8,1
7388,1,1.0,1
7777,1,0.8,1
3577,1,1.0,1
1859,1,0.8,1
7571,1,1.0,1
36,1,1.0,1
7233,1,1.0,1
4597,1,1.0,1
3298,1,1.0,1
3439,1,1.0,1
6586,1,0.8,1
102,1,0.8,1
4148,1,1.0,1
4482,1,1.0,1
6710,1,1.0,1
4052,1,1.0,1
7604,1,0.0,0
6643,1,1.0,1
4611,1,1.0,1
4190,1,1.0,1
6818,1,1.0,1
7175,1,0.2,0
2934,1,1.0,1
7689,1,1.0,1
2450,1,1.0,1
8172,1,1.0,1
3357,1,1.0,1
3807,1,1.0,1
8780,1,0.8,0
4137,1,0.8,1
8997,1,0.8,1
4257,1,1.0,1
6830,1,0.6,1
7524,1,0.8,0
5129,1,0.8,1
8796,1,0.8,1
5720,1,0.8,1
1506,1,1.0,1
958,1,0.6,1
1436,1,0.6,1
7021,1,0.0,0
4124,1,1.0,1
6928,1,0.4,0
7148,1,0.8,1
1282,1,0.8,1
3160,1,0.8,1
2646,1,0.8,1
2144,1,0.8,1
7686,1,0.8,0
7852,1,0.8,1
7581,1,1.0,1
9178,1,1.0,1
7176,1,0.8,1
85,1,1.0,1
6431,1,0.6,1
1169,1,1.0,1
2285,1,1.0,1
2717,1,1.0,1
3798,1,0.2,0
1898,1,0.8,1
1307,1,0.6,1
3975,1,0.8,1
6244,1,0.4,0
6560,1,1.0,1
2051,1,1.0,1
4339,1,0.6,0
8024,1,0.8,1
4133,1,1.0,0
751,1,1.0,1
7706,1,0.8,1
8520,1,0.2,0
8981,1,1.0,1
6663,1,0.6,0
6590,1,1.0,1
8250,1,1.0,1
573,1,1.0,1
412,1,1.0,1
2512,1,1.0,1
9343,1,1.0,1
2134,1,0.8,1
5903,1,1.0,1
1227,1,1.0,1
4245,1,1.0,1
2562,1,1.0,1
1160,1,1.0,1
8027,1,0.8,1
1202,1,0.6,0
6015,1,0.8,1
3631,1,1.0,0
4114,1,1.0,1
3335,1,1.0,1
7697,1,1.0,1
2441,1,1.0,1
4186,1,1.0,1
5519,1,1.0,1
2294,1,1.0,1
8264,1,0.8,1
6251,1,1.0,1
6339,1,0.6,1
7362,1,1.0,1
1773,1,1.0,1
8530,1,1.0,1
8389,1,0.6,0
1958,1,0.8,1
8051,1,0.0,0
1162,1,1.0,1
5977,1,1.0,1
4151,1,0.2,0
9661,1,1.0,0
5769,1,0.8,1
2418,1,1.0,1
4732,1,0.4,1
447,1,0.8,0
3050,1,1.0,1
2702,1,0.8,1
4606,1,0.8,0
1879,1,1.0,1
448,1,0.8,1
5151,1,1.0,1
2080,1,0.8,1
6822,1,0.4,0
5899,1,1.0,1
8011,1,1.0,0
3786,1,0.8,1
4593,1,0.6,0
9609,1,1.0,1
8701,1,1.0,1
325,1,1.0,1
6534,1,0.4,0
5266,1,1.0,1
6574,1,0.4,1
1386,1,1.0,1
5553,1,0.8,0
7482,1,0.6,1
478,1,1.0,1
1945,1,1.0,1
2090,1,1.0,1
1132,1,1.0,1
8662,1,0.8,1
5684,1,0.8,1
4625,1,1.0,1
6349,1,1.0,1
1691,1,0.6,1
6641,1,1.0,1
1302,1,0.8,1
5825,1,1.0,1
1495,1,1.0,1
3342,1,1.0,1
5709,1,1.0,1
1422,1,1.0,1
4228,1,1.0,1
3095,1,1.0,1
291,1,0.4,1
1961,1,0.8,1
1687,1,0.8,1
1933,1,0.8,1
496,1,1.0,1
2008,1,1.0,1
1715,1,1.0,1
2157,1,0.8,1
1124,1,1.0,1
6596,1,1.0,1
7696,1,1.0,1
6701,1,1.0,1
4184,1,0.2,0
5953,1,0.0,0
301,1,1.0,1
374,1,1.0,1
3473,1,1.0,1
2506,1,1.0,1
7572,1,0.6,1
1883,1,1.0,1
669,1,0.8,1
8376,1,0.8,1
602,1,1.0,1
5780,1,1.0,1
4498,1,1.0,1
7253,1,0.4,0
9968,1,0.8,0
7885,1,1.0,1
8270,1,0.8,1
8750,1,0.8,1
9261,1,0.8,1
8880,1,0.8,0
2943,1,0.8,1
6248,1,1.0,1
6399,1,0.8,0
7833,1,1.0,1
6753,1,1.0,1
6721,1,0.8,1
7688,1,1.0,1
9172,1,0.2,0
6280,1,1.0,1
9543,1,1.0,0
8370,1,1.0,1
7166,1,1.0,1
9648,1,0.8,1
2012,1,1.0,1
7640,1,1.0,1
1624,1,0.8,1
8784,1,1.0,0
169,1,1.0,1
5853,1,0.8,1
8977,1,1.0,1
5597,1,1.0,1
5509,1,0.8,1
9868,1,0.8,0
3475,1,1.0,0
3728,1,1.0,1
5499,1,0.8,1
9800,1,1.0,0
1064,1,1.0,1
8804,1,1.0,1
433,1,1.0,1
4207,1,0.6,0
7575,1,0.8,1
2751,1,1.0,1
5102,1,0.4,0
3735,1,1.0,1
5831,1,1.0,1
4604,1,1.0,1
4695,1,1.0,1
3632,1,1.0,1
2687,1,0.6,1
7659,1,1.0,1
4736,1,1.0,1
9124,1,0.8,1
1690,1,1.0,1
4904,1,1.0,1
3369,1,1.0,1
7894,1,0.4,0
9773,1,1.0,1
7135,1,0.4,0
1074,1,0.2,0
8779,1,1.0,1
2040,1,0.8,1
8895,1,1.0,1
8228,1,1.0,1
9490,1,1.0,1
4557,1,0.8,1
8777,1,1.0,0
2720,1,1.0,1
8273,1,0.8,1
9348,1,1.0,1
10032,1,1.0,1
1717,1,1.0,1
4777,1,1.0,1
3802,1,1.0,1
4761,1,1.0,1
1995,1,0.8,1
1041,1,1.0,1
8803,1,1.0,1
7592,1,1.0,1
2784,1,1.0,1
5215,1,0.4,0
4688,1,0.2,0
5779,1,0.8,1
7735,1,1.0,1
7563,1,1.0,1
4219,1,1.0,1
4816,1,0.4,1
6662,1,1.0,1
1902,1,1.0,1
503,1,1.0,1
5883,1,1.0,1
298,1,0.6,1
7839,1,1.0,1
3919,1,1.0,1
3258,1,0.8,1
5198,1,1.0,1
1362,1,1.0,1
4179,1,0.8,1
3775,1,1.0,1
8799,1,1.0,1
2878,1,0.8,1
2397,1,0.8,1
2790,1,1.0,1
5392,1,1.0,1
5882,1,0.8,0
1304,1,1.0,1
8092,1,0.8,1
702,1,1.0,1
5546,1,1.0,1
901,1,1.0,1
8292,1,1.0,1
5730,1,1.0,1
4651,1,1.0,1
5142,1,0.4,0
3554,1,0.6,1
2639,1,1.0,1
1753,1,1.0,1
5163,1,1.0,1
25,1,0.8,1
7492,1,1.0,1
2064,1,0.8,1
4287,1,1.0,1
566,1,1.0,1
9091,1,1.0,1
9700,1,1.0,0
608,1,1.0,1
3358,1,1.0,1
9412,1,0.8,1
6803,1,0.8,1
837,1,1.0,1
3623,1,0.8,1
4053,1,1.0,1
2992,1,1.0,1
3305,1,1.0,1
4643,1,1.0,1
9864,1,1.0,1
9511,1,1.0,1
231,1,1.0,1
6885,1,0.8,1
840,1,1.0,1
39,1,0.2,0
6607,1,1.0,1
9508,1,1.0,1
7147,1,1.0,1
6084,1,1.0,1
289,1,0.6,1
4523,1,0.8,0
726,1,1.0,1
6970,1,0.4,0
9219,1,1.0,1
46,1,0.8,1
6201,1,0.8,1
5135,1,1.0,0
2443,1,0.6,1
5360,1,0.8,1
4659,1,0.8,1
2899,1,0.8,1
6043,1,1.0,1
5090,1,1.0,1
7847,1,1.0,1
4109,1,1.0,1
3977,1,1.0,1
8464,1,0.4,0
296,1,1.0,1
442,1,1.0,1
1322,1,1.0,1
3532,1,1.0,1
5576,1,1.0,1
2740,1,1.0,1
5955,1,1.0,1
3107,1,0.6,1
5594,1,1.0,1
5926,1,1.0,1
7513,1,0.8,1
5820,1,1.0,1
3461,1,1.0,1
5609,1,1.0,1
5789,1,1.0,1
9741,1,1.0,1
2282,1,1.0,1
8883,1,0.8,1
90,1,0.6,1
2015,1,0.8,1
6009,1,1.0,1
6412,1,1.0,1
5505,1,1.0,1
4908,1,1.0,1
7351,1,1.0,1
1395,1,1.0,1
2620,1,1.0,1
7398,1,1.0,1
9623,1,0.6,0
6228,1,1.0,1
2770,1,1.0,1
9571,1,1.0,1
4896,1,1.0,1
8760,1,0.8,1
6469,1,0.6,0
8202,1,0.4,0
5385,1,1.0,1
2385,1,1.0,1
4841,1,1.0,1
3886,1,1.0,1
3500,1,1.0,1
1519,1,1.0,1
8132,1,1.0,1
2563,1,0.8,1
9162,1,1.0,1
4116,1,0.6,0
3720,1,1.0,1
8272,1,0.8,1
5755,1,1.0,1
7092,1,0.8,1
6490,1,1.0,1
7721,1,0.8,1
9186,1,1.0,1
1328,1,0.6,0
2237,1,0.8,1
9260,1,1.0,1
686,1,0.8,1
4563,1,1.0,1
9564,1,0.6,0
8380,1,1.0,1
694,1,1.0,1
5027,1,0.8,1
9174,1,1.0,1
1317,1,0.8,1
6434,1,0.6,0
5147,1,0.8,1
4306,1,0.8,1
3953,1,1.0,1
3891,1,0.8,0
6395,1,1.0,1
9978,1,0.6,1
2263,1,1.0,1
8696,1,0.8,1
2978,1,0.4,1
232,1,1.0,1
10050,1,0.8,0
5923,1,1.0,1
7674,1,0.6,1
6303,1,1.0,1
3832,1,1.0,1
2045,1,0.8,1
2835,1,0.8,1
2459,1,1.0,1
7914,1,0.4,0
5767,1,0.8,1
2416,1,1.0,0
1029,1,0.8,1
6048,1,1.0,1
4388,1,0.6,0
6435,1,1.0,1
8440,1,1.0,1
7840,1,1.0,1
9139,1,1.0,1
7837,1,1.0,1
1504,1,0.6,1
7849,1,0.6,0
8686,1,1.0,1
5039,1,0.6,1
4197,1,1.0,1
5773,1,1.0,1
368,1,1.0,1
8366,1,1.0,1
810,1,0.6,0
4582,1,1.0,1
5235,1,1.0,1
5232,1,1.0,1
5177,1,0.4,0
2670,1,0.8,1
6894,1,1.0,1
487,1,1.0,1
6670,1,1.0,1
9618,1,1.0,1
7101,1,0.6,1
9980,1,1.0,1
6295,1,0.6,0
1716,1,0.6,1
2676,1,0.8,1
4264,1,1.0,1
7636,1,0.8,1
8078,1,0.8,1
9503,1,1.0,1
3249,1,0.8,1
3986,1,0.6,1
2539,1,1.0,1
8954,1,1.0,1
3010,1,0.8,1
8593,1,1.0,1
3856,1,0.8,1
6406,1,0.8,1
9442,1,1.0,1
5212,1,0.2,0
8731,1,1.0,1
4175,1,1.0,1
1423,1,0.6,1
6411,1,0.6,0
4543,1,0.8,1
3005,1,1.0,1
7877,1,0.8,1
5155,1,0.4,0
957,1,0.8,1
6217,1,1.0,1
8629,1,0.8,1
2364,1,0.8,1
4674,1,1.0,1
48,1,1.0,1
1379,1,0.8,1
8217,1,0.6,1
1903,1,1.0,1
5985,1,0.8,1
9375,1,0.6,0
5075,1,1.0,1
4581,1,0.4,0
5450,1,0.6,0
766,1,1.0,1
2027,1,1.0,1
9039,1,1.0,1
8585,1,0.8,1
2590,1,1.0,1
5281,1,1.0,1
3432,1,0.8,1
9302,1,0.6,0
9844,1,0.6,1
9945,1,1.0,1
8753,1,1.0,1
4995,1,1.0,1
3404,1,1.0,1
9811,1,1.0,0
6557,1,1.0,1
5367,1,0.8,1
5181,1,1.0,1
3374,1,1.0,1
6140,1,0.4,0
9408,1,0.4,0
9356,1,1.0,0
4792,1,1.0,1
9693,1,0.6,0
9698,1,1.0,0
758,1,1.0,1
6754,1,1.0,1
8016,1,0.8,0
6300,1,0.8,1
7979,1,1.0,1
1616,1,1.0,1
9467,1,1.0,1
5058,1,1.0,1
4009,1,0.8,1
9757,1,1.0,1
942,1,1.0,1
1213,1,1.0,1
4848,1,1.0,1
1944,1,1.0,1
7511,1,1.0,1
3016,1,0.0,0
8343,1,1.0,1
9223,1,0.8,0
4953,1,1.0,1
2894,1,1.0,1
6730,1,1.0,1
3496,1,1.0,1
5739,1,1.0,1
3484,1,1.0,1
8384,1,0.8,1
7250,1,1.0,1
5103,1,0.8,1
9941,1,1.0,1
2255,1,1.0,1
9925,1,1.0,1
3576,1,0.8,1
4636,1,1.0,1
6153,1,1.0,1
6247,1,1.0,1
3748,1,1.0,1
5496,1,1.0,1
787,1,1.0,1
10049,1,1.0,1
6673,1,0.0,0
6788,1,0.6,1
3521,1,0.8,1
7254,1,1.0,1
7870,1,0.0,0
3862,1,0.8,1
569,1,0.6,1
6116,1,1.0,1
3508,1,1.0,1
3983,1,0.6,0
7925,1,1.0,1
9903,1,0.6,1
6609,1,1.0,1
5218,1,0.6,1
10089,1,0.8,0
4410,1,1.0,1
9613,1,1.0,1
4804,1,0.8,1
4497,1,1.0,1
8417,1,1.0,1
8554,1,0.2,0
1255,1,1.0,1
3882,1,1.0,1
5189,1,0.2,0
3259,1,0.8,1
5297,1,1.0,1
4717,1,1.0,1
4948,1,0.8,0
202,1,0.8,1
9083,1,0.8,1
1532,1,0.4,1
9817,1,1.0,0
6474,1,0.8,1
596,1,0.8,0
9620,1,1.0,1
4962,1,1.0,1
9611,1,1.0,1
9093,1,0.8,1
8458,1,1.0,1
1758,1,1.0,1
299,1,0.8,1
9993,1,1.0,1
800,1,1.0,1
3489,1,1.0,1
8867,1,1.0,1
5913,1,1.0,1
3000,1,0.8,1
1825,1,1.0,1
5338,1,0.8,1
8436,1,0.6,1
6103,1,0.6,0
571,1,0.8,1
2300,1,1.0,1
1543,1,1.0,1
5736,1,1.0,1
6240,1,0.8,1
906,1,1.0,1
9847,1,1.0,1
351,1,0.6,1
6164,1,1.0,1
6984,1,1.0,1
4286,1,0.8,0
6874,1,1.0,1
951,1,1.0,1
6782,1,0.8,1
5345,1,1.0,1
2304,1,1.0,1
1728,1,1.0,1
4288,1,1.0,1
4554,1,1.0,1
6599,1,1.0,1
8373,1,1.0,1
1857,1,0.4,1
4793,1,0.8,1
1749,1,1.0,1
62,1,0.8,1
16,1,1.0,1
9482,1,0.6,0
5259,1,0.8,1
7506,1,1.0,1
2406,1,1.0,1
4462,1,1.0,1
9413,1,0.8,1
313,1,1.0,1
6625,1,1.0,0
5305,1,0.6,1
5016,1,0.4,0
963,1,0.8,1
2649,1,1.0,1
1653,1,1.0,1
2773,1,1.0,1
5104,1,1.0,1
7502,1,0.8,1
6390,1,1.0,1
2347,1,1.0,1
5340,1,1.0,1
9126,1,0.8,1
